Year,Month,Illnesses,Hospitalizations,Deaths
1971,2,2,0.0,0.0
1971,6,306,0.0,0.0
1971,7,3777,0.0,0.0
1971,8,83,0.0,0.0
1971,9,40,0.0,1.0
1971,11,892,0.0,0.0
1971,12,84,0.0,0.0
1972,3,421,0.0,0.0
1972,4,169,0.0,0.0
1972,5,265,0.0,0.0
1972,6,246,0.0,0.0
1972,7,17,0.0,0.0
1972,8,18,0.0,0.0
1972,9,143,0.0,0.0
1972,10,50,0.0,0.0
1972,11,309,0.0,0.0
1972,12,12,0.0,0.0
1973,2,260,0.0,0.0
1973,3,2,0.0,0.0
1973,4,2,0.0,0.0
1973,6,145,0.0,0.0
1973,7,365,9.0,0.0
1973,8,372,0.0,0.0
1973,9,153,0.0,0.0
1973,10,194,0.0,0.0
1973,11,32,0.0,0.0
1973,12,259,0.0,2.0
1974,1,1257,0.0,0.0
1974,2,18,0.0,0.0
1974,3,9,0.0,0.0
1974,4,213,0.0,0.0
1974,6,101,0.0,0.0
1974,7,129,0.0,0.0
1974,8,1111,0.0,0.0
1974,9,83,0.0,0.0
1974,10,18,0.0,0.0
1974,11,4800,0.0,0.0
1974,12,615,0.0,0.0
1975,1,390,0.0,0.0
1975,2,17,0.0,0.0
1975,3,550,0.0,0.0
1975,4,1750,0.0,0.0
1975,5,246,0.0,0.0
1975,6,2540,0.0,0.0
1975,7,147,0.0,0.0
1975,8,5119,0.0,3.0
1975,9,46,0.0,0.0
1975,10,107,0.0,0.0
1976,2,162,0.0,0.0
1976,3,763,0.0,0.0
1976,4,99,0.0,0.0
1976,5,751,0.0,0.0
1976,6,502,0.0,0.0
1976,7,2588,145.0,29.0
1976,8,35,0.0,0.0
1976,10,128,0.0,0.0
1976,11,125,19.0,12.0
1976,12,110,0.0,0.0
1977,1,100,0.0,0.0
1977,3,74,0.0,0.0
1977,4,760,0.0,0.0
1977,5,398,91.0,36.0
1977,6,36,0.0,2.0
1977,7,1405,64.0,1.0
1977,8,283,0.0,3.0
1977,9,12,0.0,0.0
1977,10,503,0.0,0.0
1977,11,15,0.0,0.0
1978,2,112,0.0,0.0
1978,3,5000,0.0,0.0
1978,4,50,0.0,0.0
1978,5,4624,0.0,0.0
1978,6,449,0.0,0.0
1978,7,613,4.0,0.0
1978,8,300,0.0,12.0
1978,9,229,0.0,0.0
1978,10,15,0.0,0.0
1978,11,403,0.0,0.0
1978,12,27,0.0,0.0
1979,1,8,0.0,2.0
1979,2,147,0.0,12.0
1979,3,747,0.0,0.0
1979,4,206,0.0,0.0
1979,5,6,0.0,0.0
1979,6,2210,0.0,4.0
1979,7,1392,0.0,1.0
1979,8,89,0.0,0.0
1979,9,99,0.0,0.0
1979,10,5056,0.0,0.0
1979,11,26,0.0,1.0
1979,12,347,0.0,0.0
1980,1,277,0.0,0.0
1980,3,657,4.0,0.0
1980,4,48,0.0,0.0
1980,5,282,0.0,16.0
1980,6,10016,0.0,0.0
1980,7,3378,3.0,0.0
1980,8,2511,3.0,0.0
1980,9,1335,1.0,0.0
1980,10,30,0.0,0.0
1980,11,76,0.0,4.0
1980,12,2112,0.0,5.0
1981,1,460,0.0,0.0
1981,2,357,0.0,0.0
1981,3,1944,0.0,0.0
1981,4,115,0.0,0.0
1981,5,60,0.0,0.0
1981,6,348,0.0,0.0
1981,7,416,0.0,0.0
1981,8,1441,1.0,0.0
1981,9,59,0.0,0.0
1981,10,79,0.0,1.0
1981,11,47,0.0,0.0
1981,12,32,0.0,0.0
1982,1,765,4.0,0.0
1982,2,72,0.0,0.0
1982,3,141,0.0,0.0
1982,4,288,8.0,0.0
1982,5,666,0.0,0.0
1982,6,577,4.0,0.0
1982,7,751,2.0,0.0
1982,8,669,0.0,0.0
1982,9,106,0.0,0.0
1982,10,151,0.0,2.0
1982,11,93,0.0,0.0
1982,12,82,0.0,0.0
1983,1,575,0.0,0.0
1983,2,13,0.0,0.0
1983,3,33,0.0,0.0
1983,4,294,1.0,0.0
1983,5,957,4.0,0.0
1983,6,11684,2.0,10.0
1983,7,2365,31.0,0.0
1983,8,4935,2.0,0.0
1983,9,360,0.0,0.0
1983,10,658,11.0,0.0
1983,11,154,1.0,0.0
1984,1,84,3.0,1.0
1984,2,443,0.0,0.0
1984,3,554,4.0,0.0
1984,4,108,0.0,0.0
1984,5,278,0.0,1.0
1984,6,59,13.0,0.0
1984,7,239,1.0,0.0
1984,8,168,0.0,0.0
1984,9,44,0.0,0.0
1984,10,253,6.0,0.0
1984,11,16,1.0,0.0
1985,2,6,0.0,0.0
1985,3,24,0.0,0.0
1985,4,88,31.0,10.0
1985,5,115,0.0,3.0
1985,6,64,48.0,0.0
1985,7,51,0.0,0.0
1985,8,355,0.0,0.0
1985,9,561,17.0,0.0
1985,11,842,0.0,0.0
1985,12,3,0.0,0.0
1986,1,68,1.0,0.0
1986,2,37,0.0,0.0
1986,3,80,1.0,5.0
1986,4,127,0.0,0.0
1986,5,329,6.0,2.0
1986,6,384,0.0,0.0
1986,7,159,5.0,0.0
1986,8,287,4.0,2.0
1986,9,213,0.0,0.0
1986,10,11,11.0,0.0
1986,11,56,1.0,0.0
1986,12,9,0.0,0.0
1987,1,13068,0.0,13.0
1987,3,51,0.0,0.0
1987,4,542,3.0,0.0
1987,5,17,1.0,5.0
1987,6,422,0.0,0.0
1987,7,1758,22.0,1.0
1987,8,182,0.0,0.0
1987,9,5015,0.0,0.0
1987,10,1827,30.0,3.0
1987,11,22,0.0,0.0
1988,1,28,0.0,0.0
1988,2,124,0.0,0.0
1988,3,87,0.0,0.0
1988,4,58,0.0,0.0
1988,5,1240,1.0,0.0
1988,6,499,12.0,0.0
1988,7,823,20.0,0.0
1988,8,51,3.0,0.0
1988,9,35,1.0,0.0
1988,10,89,7.0,0.0
1988,11,36,2.0,0.0
1988,12,24,0.0,0.0
1989,1,5,0.0,0.0
1989,2,22,0.0,0.0
1989,3,305,0.0,0.0
1989,4,1408,15.0,6.0
1989,5,10,0.0,0.0
1989,6,203,0.0,0.0
1989,7,273,4.0,11.0
1989,8,31,0.0,0.0
1989,9,720,1.0,0.0
1989,10,33,0.0,2.0
1989,12,245,32.0,4.0
1990,1,10,0.0,0.0
1990,2,118,0.0,0.0
1990,3,42,0.0,0.0
1990,4,10,0.0,0.0
1990,5,1131,8.0,0.0
1990,6,166,0.0,0.0
1990,7,486,4.0,0.0
1990,8,283,0.0,0.0
1990,10,33,0.0,0.0
1990,11,3,0.0,0.0
1990,12,63,0.0,0.0
1991,1,11,1.0,0.0
1991,2,31,0.0,0.0
1991,3,87,5.0,0.0
1991,5,392,0.0,0.0
1991,6,2656,2.0,0.0
1991,7,182,11.0,0.0
1991,8,10770,18.0,1.0
1991,9,15,0.0,0.0
1991,10,35,0.0,0.0
1991,12,5,0.0,0.0
1992,1,234,2.0,0.0
1992,2,3028,0.0,0.0
1992,3,171,0.0,0.0
1992,4,153,4.0,0.0
1992,5,643,2.0,1.0
1992,6,892,41.0,2.0
1992,7,231,1.0,0.0
1992,8,206,2.0,0.0
1992,9,47,0.0,0.0
1992,10,20,0.0,0.0
1992,12,6,0.0,0.0
1993,1,34,0.0,0.0
1993,3,403114,0.0,50.0
1993,4,73,4.0,0.0
1993,5,53,0.0,0.0
1993,6,286,0.0,0.0
1993,7,183,0.0,3.0
1993,8,211,1.0,2.0
1993,9,90,1.0,0.0
1993,10,9,0.0,0.0
1993,11,682,15.0,7.0
1993,12,109,17.0,0.0
1994,1,9,0.0,0.0
1994,2,40,0.0,0.0
1994,3,525,1.0,0.0
1994,4,20,0.0,0.0
1994,5,89,0.0,0.0
1994,6,917,8.0,0.0
1994,7,625,19.0,2.0
1994,8,307,1.0,0.0
1994,9,200,0.0,0.0
1994,10,10,0.0,0.0
1994,11,71,0.0,0.0
1995,1,30,0.0,5.0
1995,2,2,0.0,0.0
1995,3,8,3.0,0.0
1995,4,3,0.0,1.0
1995,5,39,1.0,0.0
1995,6,104,10.0,0.0
1995,7,5690,10.0,3.0
1995,8,705,12.0,0.0
1995,9,200,0.0,0.0
1995,10,44,4.0,0.0
1995,11,13,0.0,0.0
1995,12,1462,0.0,0.0
1996,1,29,0.0,0.0
1996,3,6,2.0,0.0
1996,4,11,8.0,0.0
1996,6,312,12.0,0.0
1996,7,282,3.0,0.0
1996,8,3115,16.0,1.0
1996,9,34,0.0,2.0
1996,10,594,0.0,0.0
1996,11,17,0.0,0.0
1997,1,15,0.0,0.0
1997,2,42,0.0,0.0
1997,3,31,0.0,0.0
1997,5,16,5.0,0.0
1997,6,547,6.0,0.0
1997,7,155,2.0,0.0
1997,9,55,1.0,0.0
1997,11,15,1.0,1.0
1997,12,1450,0.0,0.0
1998,1,1441,35.0,0.0
1998,2,1165,23.0,1.0
1998,3,1512,99.0,0.0
1998,4,2462,78.0,0.0
1998,5,2587,75.0,2.0
1998,6,3832,118.0,4.0
1998,7,4492,167.0,0.0
1998,8,4160,75.0,2.0
1998,9,3286,55.0,0.0
1998,10,1827,151.0,22.0
1998,11,2052,60.0,0.0
1998,12,1808,37.0,3.0
1999,1,923,38.0,1.0
1999,2,1263,34.0,1.0
1999,3,1528,18.0,2.0
1999,4,2268,27.0,1.0
1999,5,3080,38.0,0.0
1999,6,2984,97.0,0.0
1999,7,2219,76.0,1.0
1999,8,3309,136.0,3.0
1999,9,2167,94.0,1.0
1999,10,2843,50.0,0.0
1999,11,1771,42.0,0.0
1999,12,2316,47.0,2.0
2000,1,822,14.0,0.0
2000,2,2794,32.0,2.0
2000,3,2682,31.0,0.0
2000,4,1879,61.0,1.0
2000,5,2533,112.0,10.0
2000,6,2960,66.0,1.0
2000,7,3265,90.0,3.0
2000,8,2054,118.0,0.0
2000,9,1777,37.0,2.0
2000,10,2076,49.0,2.0
2000,11,2695,96.0,1.0
2000,12,2695,28.0,6.0
2001,1,3193,49.0,1.0
2001,2,1520,57.0,2.0
2001,3,2497,44.0,3.0
2001,4,1944,102.0,3.0
2001,5,4080,56.0,0.0
2001,6,2423,68.0,0.0
2001,7,2492,80.0,0.0
2001,8,1462,56.0,0.0
2001,9,1263,97.0,0.0
2001,10,1550,20.0,0.0
2001,11,2341,42.0,6.0
2001,12,2299,61.0,0.0
2002,1,1376,64.0,0.0
2002,2,1407,70.0,1.0
2002,3,2406,26.0,1.0
2002,4,3018,84.0,0.0
2002,5,1636,30.0,0.0
2002,6,2589,131.0,4.0
2002,7,2926,118.0,10.0
2002,8,1773,67.0,0.0
2002,9,2349,50.0,0.0
2002,10,1986,65.0,3.0
2002,11,3137,52.0,0.0
2002,12,2617,35.0,0.0
2003,1,2502,30.0,10.0
2003,2,1686,46.0,2.0
2003,3,1832,77.0,1.0
2003,4,1716,64.0,0.0
2003,5,2647,50.0,2.0
2003,6,2830,54.0,1.0
2003,7,2674,40.0,0.0
2003,8,2657,67.0,3.0
2003,9,1273,66.0,1.0
2003,10,1812,136.0,3.0
2003,11,2490,78.0,1.0
2003,12,1128,13.0,0.0
2004,1,3229,40.0,2.0
2004,2,3284,60.0,8.0
2004,3,3105,53.0,0.0
2004,4,2044,56.0,1.0
2004,5,1539,42.0,0.0
2004,6,3279,113.0,1.0
2004,7,3485,198.0,4.0
2004,8,2091,45.0,3.0
2004,9,1636,70.0,3.0
2004,10,1688,59.0,3.0
2004,11,2670,70.0,3.0
2004,12,4334,67.0,2.0
2005,1,1408,20.0,0.0
2005,2,1187,32.0,0.0
2005,3,2164,27.0,0.0
2005,4,2726,77.0,1.0
2005,5,3250,127.0,2.0
2005,6,3902,96.0,1.0
2005,7,1847,101.0,6.0
2005,8,1765,58.0,1.0
2005,9,1227,41.0,2.0
2005,10,1255,37.0,0.0
2005,11,1430,36.0,1.0
2005,12,1527,44.0,2.0
2006,1,2484,88.0,2.0
2006,2,1702,19.0,1.0
2006,3,2023,91.0,0.0
2006,4,3791,70.0,3.0
2006,5,4421,92.0,0.0
2006,6,2287,88.0,0.0
2006,7,2003,108.0,1.0
2006,8,2768,333.0,9.0
2006,9,1224,74.0,2.0
2006,10,1553,53.0,0.0
2006,11,3047,192.0,0.0
2006,12,2885,51.0,0.0
2007,1,3651,72.0,1.0
2007,2,2523,165.0,5.0
2007,3,1261,70.0,1.0
2007,4,1833,63.0,1.0
2007,5,7858,68.0,1.0
2007,6,3482,150.0,4.0
2007,7,4657,102.0,1.0
2007,8,2083,76.0,2.0
2007,9,3019,58.0,1.0
2007,10,1325,58.0,3.0
2007,11,1566,51.0,1.0
2007,12,1599,47.0,0.0
2008,1,1319,26.0,0.0
2008,2,1180,42.0,0.0
2008,3,3418,84.0,3.0
2008,4,4424,354.0,2.0
2008,5,1503,77.0,0.0
2008,6,3798,98.0,1.0
2008,7,2288,68.0,3.0
2008,8,2655,174.0,5.0
2008,9,1650,199.0,10.0
2008,10,2370,74.0,0.0
2008,11,1290,43.0,0.0
2008,12,1827,43.0,2.0
2009,1,19295,303.0,22.0
2009,2,11566,164.0,11.0
2009,3,8071,171.0,9.0
2009,4,4056,138.0,4.0
2009,5,2286,67.0,2.0
2009,6,2329,104.0,0.0
2009,7,2380,125.0,2.0
2009,8,1387,101.0,3.0
2009,9,1397,68.0,3.0
2009,10,1668,32.0,2.0
2009,11,3160,53.0,0.0
2009,12,5987,110.0,7.0
2010,1,12166,176.0,23.0
2010,2,17104,250.0,14.0
2010,3,9896,183.0,19.0
2010,4,7470,218.0,3.0
2010,5,4273,88.0,8.0
2010,6,2573,146.0,9.0
2010,7,2812,149.0,0.0
2010,8,2459,130.0,3.0
2010,9,2191,53.0,1.0
2010,10,3564,63.0,2.0
2010,11,7800,174.0,13.0
2010,12,19735,266.0,43.0
2011,1,22160,368.0,26.0
2011,2,15615,291.0,19.0
2011,3,9802,219.0,13.0
2011,4,5497,137.0,6.0
2011,5,2942,177.0,1.0
2011,6,2718,140.0,4.0
2011,7,2783,288.0,40.0
2011,8,2092,117.0,5.0
2011,9,2602,176.0,11.0
2011,10,3802,158.0,3.0
2011,11,7081,111.0,18.0
2011,12,16359,281.0,25.0
2012,1,26786,471.0,24.0
2012,2,26689,519.0,29.0
2012,3,12774,223.0,23.0
2012,4,5923,135.0,8.0
2012,5,4260,110.0,2.0
2012,6,3311,156.0,1.0
2012,7,3214,253.0,7.0
2012,8,2442,91.0,0.0
2012,9,2593,101.0,1.0
2012,10,5838,163.0,8.0
2012,11,10291,151.0,20.0
2012,12,16202,266.0,23.0
2013,1,18144,363.0,21.0
2013,2,19187,306.0,30.0
2013,3,18951,734.0,26.0
2013,4,12071,233.0,14.0
2013,5,4855,171.0,10.0
2013,6,4511,281.0,15.0
2013,7,3655,178.0,4.0
2013,8,1971,152.0,3.0
2013,9,3144,124.0,17.0
2013,10,3363,120.0,2.0
2013,11,5739,115.0,9.0
2013,12,13543,159.0,18.0
2014,1,16738,272.0,21.0
2014,2,15032,374.0,40.0
2014,3,23027,412.0,35.0
2014,4,13421,241.0,15.0
2014,5,6920,268.0,9.0
2014,6,3588,249.0,21.0
2014,7,2792,111.0,5.0
2014,8,2374,183.0,12.0
2014,9,2164,128.0,6.0
2014,10,3477,125.0,16.0
2014,11,7048,107.0,8.0
2014,12,11736,176.0,20.0
2015,1,16407,285.0,23.0
2015,2,23361,456.0,24.0
2015,3,19229,423.0,27.0
2015,4,9036,232.0,13.0
2015,5,5099,196.0,16.0
2015,6,4433,286.0,8.0
2015,7,3947,364.0,22.0
2015,8,3237,75.0,2.0
2015,9,6066,115.0,2.0
2015,10,5915,186.0,2.0
2015,11,5215,103.0,8.0
2015,12,8655,160.0,9.0
2016,1,16084,395.0,17.0
2016,2,19599,284.0,19.0
2016,3,14196,371.0,13.0
2016,4,8481,208.0,13.0
2016,5,6305,215.0,4.0
2016,6,3575,268.0,6.0
2016,7,4646,243.0,6.0
2016,8,2924,146.0,5.0
2016,9,3208,142.0,8.0
2016,10,4642,170.0,3.0
2016,11,7802,269.0,23.0
2016,12,18386,306.0,30.0
2017,1,25153,457.0,29.0
2017,2,15118,368.0,17.0
2017,3,10372,358.0,15.0
2017,4,8125,149.0,6.0
2017,5,4337,189.0,10.0
2017,6,2986,152.0,6.0
2017,7,2689,155.0,5.0
2017,8,2706,200.0,10.0
2017,9,2251,204.0,10.0
2017,10,5192,164.0,7.0
2017,11,8517,278.0,13.0
2017,12,16840,294.0,17.0
2018,1,20548,449.0,28.0
2018,2,8178,241.0,16.0
2018,3,8941,370.0,17.0
2018,4,8502,334.0,13.0
2018,5,5241,255.0,4.0
2018,6,4907,274.0,8.0
2018,7,4561,228.0,5.0
2018,8,3932,284.0,4.0
2018,9,3948,140.0,9.0
2018,10,3465,177.0,6.0
2018,11,7942,268.0,18.0
2018,12,15440,256.0,22.0
2019,1,15737,424.0,26.0
2019,2,11590,321.0,21.0
2019,3,13798,415.0,13.0
2019,4,7061,214.0,8.0
2019,5,4860,272.0,9.0
2019,6,3734,164.0,9.0
2019,7,2770,137.0,1.0
2019,8,2738,134.0,4.0
2019,9,2824,185.0,5.0
2019,10,3229,107.0,5.0
2019,11,7326,328.0,7.0
2019,12,13711,244.0,22.0
2020,1,14510,302.0,27.0
2020,2,10226,353.0,15.0
2020,3,4483,169.0,11.0
2020,4,842,74.0,2.0
2020,5,1165,114.0,2.0
2020,6,1597,233.0,0.0
2020,7,707,67.0,1.0
2020,8,569,141.0,10.0
2020,9,315,39.0,1.0
2020,10,283,47.0,3.0
2020,11,771,91.0,0.0
2020,12,1191,295.0,5.0
2021,1,899,71.0,6.0
2021,2,3102,126.0,13.0
2021,3,4743,210.0,6.0
2021,4,6389,156.0,13.0
2021,5,5219,421.0,5.0
2021,6,2723,111.0,3.0
2021,7,2045,134.0,4.0
2021,8,1392,73.0,2.0
2021,9,1446,114.0,0.0
2021,10,1421,76.0,3.0
2021,11,2212,76.0,8.0
2021,12,3676,125.0,5.0
2022,1,4753,126.0,8.0
2022,2,11094,362.0,18.0
2022,3,15264,317.0,14.0
2022,4,10144,240.0,15.0
2022,5,4182,183.0,6.0
2022,6,1367,104.0,6.0
2022,7,1519,189.0,0.0
2022,8,1642,58.0,1.0
2022,9,2130,153.0,6.0
2022,10,2014,47.0,3.0
2022,11,3151,109.0,0.0
2022,12,3893,136.0,5.0
2023,1,9294,161.0,6.0
2023,2,16397,294.0,28.0
2023,3,16636,436.0,14.0
2023,4,8851,308.0,8.0
2023,5,5172,190.0,3.0
2023,6,2510,114.0,2.0
2023,7,2431,170.0,4.0
2023,8,2205,216.0,5.0
2023,9,3368,201.0,1.0
2023,10,4087,225.0,8.0
2023,11,5343,139.0,2.0
2023,12,6911,84.0,6.0
